21:41:22,No Mask
21:41:41,No Mask
21:42:19,No Mask
21:42:46,No Mask
21:42:52,No Mask
21:46:00,No Mask
21:46:06,No Mask
14:58:14,No Mask
15:00:03,No Mask
15:00:52,No Mask
15:08:44,No Mask
18:05:02,No Mask
18:13:32,No Mask
18:19:40,No Mask
01:23:52,No Mask
01:24:45,No Mask
01:24:57,No Mask
01:25:07,No Mask
01:25:13,Mask
01:25:29,No Mask
01:25:46,No Mask
01:25:52,No Mask
01:26:00,No Mask
01:27:49,No Mask
01:27:57,No Mask
01:28:04,No Mask
01:28:20,No Mask
01:28:27,No Mask
01:29:03,No Mask
01:29:10,No Mask
01:30:26,No Mask
01:30:33,No Mask
01:35:24,No Mask
01:35:31,Mask
01:35:38,No Mask
01:35:46,No Mask
01:36:00,No Mask
01:36:07,No Mask
01:36:20,No Mask
01:36:30,Mask
01:36:37,No Mask
01:36:43,Mask
01:36:51,No Mask
01:36:59,Mask
01:37:50,Mask
01:37:58,No Mask
01:38:04,Mask
01:39:21,No Mask
01:39:30,No Mask
01:39:38,Mask
01:39:47,No Mask
01:42:44,No Mask
01:42:58,Mask
01:43:04,No Mask
01:43:11,No Mask
02:19:23,No Mask
02:19:31,No Mask
02:19:44,No Mask
02:19:51,No Mask
02:20:13,Mask
02:20:20,No Mask
02:20:27,Mask
02:20:34,No Mask
02:21:25,No Mask
02:21:35,No Mask
02:21:42,No Mask
02:21:49,Mask
02:22:00,No Mask
02:22:20,Mask
02:22:27,No Mask
03:15:19,No Mask
03:17:02,No Mask
03:19:09,No Mask
03:20:42,No Mask
03:23:30,No Mask
04:30:28,No Mask
04:31:38,No Mask
04:32:14,No Mask
04:32:24,No Mask
04:32:34,Mask
04:33:47,No Mask
04:33:54,Mask
04:34:09,No Mask
04:34:21,Mask
04:34:27,No Mask
04:34:34,No Mask
04:36:05,No Mask
04:36:11,No Mask
04:36:18,Mask
04:36:24,No Mask
04:36:35,No Mask
04:36:43,No Mask
04:36:50,No Mask
04:36:56,No Mask
04:37:04,No Mask
04:37:24,No Mask
04:37:35,No Mask
04:37:55,No Mask
04:39:18,No Mask
04:39:25,No Mask
04:39:32,No Mask
04:39:42,No Mask
04:39:52,Mask
04:40:02,No Mask
04:40:09,No Mask
04:40:15,No Mask
04:40:50,No Mask
04:40:56,No Mask
04:41:09,No Mask
04:41:15,Mask
04:41:23,Mask
04:41:29,Mask
04:41:39,No Mask
04:41:55,Mask
04:42:01,No Mask
04:42:09,No Mask
04:42:29,Mask
04:42:35,Mask
04:42:41,Mask
04:42:48,No Mask
04:43:06,Mask
04:43:12,Mask
04:43:24,No Mask
04:43:31,No Mask
04:43:37,No Mask
04:44:58,No Mask
04:45:04,No Mask
04:45:41,No Mask
04:45:48,No Mask
04:47:01,Mask
04:47:44,Mask
04:47:56,Mask
04:48:02,Mask
04:48:14,No Mask
04:48:57,No Mask
04:49:04,No Mask
04:49:28,Mask
04:49:34,No Mask
04:49:47,Mask
04:49:53,No Mask
04:50:16,No Mask
04:50:48,Mask
04:50:54,No Mask
04:51:13,No Mask
10:53:01,No Mask
10:53:13,No Mask
10:53:23,No Mask
10:53:42,No Mask
10:53:49,No Mask
10:59:40,No Mask
11:00:04,No Mask
11:00:34,No Mask
11:00:40,No Mask
11:00:50,No Mask
11:01:47,No Mask
22:40:50,No Mask
22:41:09,Mask
22:41:15,No Mask
22:41:23,Mask
22:42:47,Mask
22:42:54,No Mask
22:43:00,Mask
22:43:12,No Mask
22:43:22,Mask
22:43:37,No Mask
22:43:56,Mask
22:44:13,No Mask
22:44:27,No Mask
22:44:35,No Mask
22:46:59,No Mask
22:47:14,Mask
22:47:38,Mask
22:48:01,No Mask
22:48:44,Mask
22:55:52,Mask
22:55:58,No Mask
22:56:04,Mask
23:08:39,Mask
23:08:46,No Mask
23:08:59,Mask
23:09:48,Mask
23:10:47,Mask
23:10:53,No Mask
23:11:10,Mask
23:12:44,Mask
23:14:50,No Mask
23:15:04,No Mask
23:15:10,No Mask
23:15:23,Mask
23:16:21,No Mask
23:16:34,No Mask
23:16:52,No Mask
23:16:59,No Mask
23:17:06,No Mask
23:17:13,No Mask
23:17:28,Mask
23:17:34,No Mask
23:17:44,No Mask
23:17:51,No Mask
23:17:57,No Mask
23:18:03,No Mask
23:18:11,No Mask
23:18:36,No Mask
23:18:43,No Mask
23:18:50,No Mask
23:18:57,No Mask
23:19:22,No Mask
23:19:29,No Mask
23:19:36,No Mask
23:19:46,No Mask
23:19:54,No Mask
23:20:00,No Mask
23:20:08,No Mask
23:48:49,Mask
23:48:55,No Mask
23:49:36,No Mask
23:49:43,No Mask
23:49:51,No Mask
23:49:58,Mask
23:57:29,Mask
02:00:17,No Mask
02:01:40,No Mask
02:01:50,No Mask
02:02:02,No Mask
02:02:10,No Mask
02:02:28,No Mask
02:03:33,Mask
02:12:21,No Mask
02:12:27,No Mask
02:12:44,Mask
02:13:40,Mask
02:16:11,Mask
02:16:45,Mask
02:17:04,No Mask
02:19:20,No Mask
02:19:38,No Mask
02:19:47,No Mask
02:19:54,No Mask
02:20:05,Mask
22:53:54,No Mask
22:54:07,No Mask
22:54:14,No Mask
01:15:22,No Mask
01:15:35,No Mask
01:15:51,No Mask
01:16:02,No Mask
01:16:08,No Mask
01:16:17,No Mask
01:16:30,Mask
01:16:43,No Mask
01:16:50,No Mask
01:17:02,No Mask
01:18:13,No Mask
01:18:28,No Mask
01:18:40,Mask
01:18:46,No Mask
01:19:50,No Mask
01:20:00,No Mask
01:20:07,No Mask
01:20:15,No Mask
01:20:23,No Mask
01:20:37,No Mask
01:20:45,No Mask
01:20:52,No Mask
01:21:00,No Mask
01:21:06,No Mask
01:21:14,No Mask
01:21:30,No Mask
01:21:38,No Mask
01:21:46,No Mask
01:21:56,No Mask
01:22:03,No Mask
01:31:47,No Mask
01:32:05,No Mask
01:32:24,No Mask
01:33:56,No Mask
01:34:03,No Mask
01:34:13,No Mask
01:34:28,No Mask
01:39:00,No Mask
01:39:30,No Mask
01:40:35,No Mask
01:40:43,No Mask
01:40:54,No Mask
01:41:01,No Mask
01:41:07,No Mask
20:45:02,No Mask
20:45:14,No Mask
20:45:21,No Mask
20:45:28,No Mask
20:45:46,No Mask
20:45:55,Mask
20:46:08,No Mask
20:46:26,Mask
20:46:57,No Mask
20:47:22,No Mask
20:47:29,No Mask
20:47:36,Mask
20:47:50,Mask
20:47:56,No Mask
20:48:03,Mask
20:49:10,Mask
20:49:24,No Mask
20:49:30,No Mask
20:49:37,No Mask
20:49:53,Mask
20:50:06,Mask
20:50:12,No Mask
20:50:26,No Mask
20:50:38,Mask
20:50:53,No Mask
20:51:00,Mask
20:51:08,No Mask
20:51:22,No Mask
20:51:29,No Mask
20:51:36,No Mask
20:51:56,No Mask
20:52:15,No Mask
20:54:28,No Mask
20:54:48,No Mask
20:54:56,Mask
20:56:57,Mask
20:57:21,No Mask
22:00:13,No Mask
22:00:25,No Mask
22:00:56,No Mask
22:01:03,No Mask
22:01:09,No Mask
22:01:28,No Mask
22:01:47,No Mask
22:01:53,Mask
22:02:10,No Mask
22:02:21,No Mask
22:02:27,No Mask
22:02:34,No Mask
22:02:41,Mask
22:02:54,No Mask
22:03:10,No Mask
22:03:16,No Mask
22:03:32,No Mask
22:03:39,No Mask